Fecha,Hora,Producto,ISIN,Bolsa de referencia,Centro de ejecución,Número,Precio,,Valor local,,Valor EUR,Tipo de cambio,Comisión AutoFX,Costes de transacción y/o externos EUR,Total EUR,ID Orden
07-08-2026,15:30,MOLSON COORS BEVERAGE CO CLASS B,US60871R2094,NSY,XNYS,-22,"42,4200",USD,"933,24",USD,"806,61","1,1570","-2,02","-2,00","802,59",8323d07e-1f60-4dd9-904f-f82ff76f261d
07-08-2026,14:32,PETS AT HOME GROUP PLC,GB00BJ62K685,LSE,MESI,-193,"212,2000",GBX,"40954,60",GBX,"477,61","85,7493","-1,19",,"476,41",00db6b88-e09e-4c13-bc8d-af40f9972351
07-08-2026,14:32,PETS AT HOME GROUP PLC,GB00BJ62K685,LSE,XLON,-193,"212,2000",GBX,"40954,60",GBX,"477,61","85,7493","-1,19","-4,90","471,51",00db6b88-e09e-4c13-bc8d-af40f9972351
31-07-2026,16:18,"IBERDROLA, S.A.",ES0144580Y14,MAD,JNSI,69,"20,6100",EUR,"-1422,09",EUR,"-1422,09",,"0,00","-2,00","-1424,09",1e9c6eda-1250-4e2d-8b38-53d443c528dd
31-07-2026,16:14,VISCOFAN SA,ES0184262212,MAD,MESI,9,"57,3000",EUR,"-515,70",EUR,"-515,70",,"0,00","-2,00","-517,70",ed41ef69-f425-4a69-940b-cba978d3b299
31-07-2026,16:13,REDEIA CORPORACION SA,ES0173093024,MAD,MESI,65,"15,2700",EUR,"-992,55",EUR,"-992,55",,"0,00","-2,00","-994,55",d9b63749-4c0d-4dd7-9fad-a345e5c63b7a
31-07-2026,16:11,"SKYWORKS SOLUTIONS, INC.",US83088M1027,NDQ,BATS,-20,"61,3000",USD,"1226,00",USD,"1069,07","1,1468","-2,67","-2,00","1064,40",7b7d5d90-e897-45f5-a0d4-3fde0830e472
15-07-2026,08:49,ACS ACTIVIDADES DE CONSTRUCCION Y SERVICIOS SA RIGHTS - NON TRADEABLE,ES06670509T7,DEG,,-60,"0,0000",EUR,"0,00",EUR,"0,00",,"0,00",,"0,00",
14-07-2026,15:08,COLONIAL SFL SOCIMI SA,ES0139140174,MAD,MESI,184,"5,4250",EUR,"-998,20",EUR,"-998,20",,"0,00","-2,00","-1000,20",9428d4fc-a991-4d8f-84e2-46d1aa126a53
29-06-2026,09:24,VISCOFAN SA RIGHTS - NON TRADEABLE,ES0684262951,DEG,,-20,"0,0000",EUR,"0,00",EUR,"0,00",,"0,00",,"0,00",
29-06-2026,00:00,ACS ACTIVIDADES DE CONSTRUCCION Y SERVICIOS SA RIGHTS - NON TRADEABLE,ES06670509T7,DEG,,60,"0,0000",EUR,"0,00",EUR,"0,00",,"0,00",,"0,00",
29-06-2026,00:00,ACS ACTIVIDADES DE CONSTRUCCION Y SERVICIOS SA RIGHTS,ES06670509T7,MAD,,-60,"0,0000",EUR,"0,00",EUR,"0,00",,"0,00",,"0,00",
29-06-2026,00:00,ACS ACTIVIDADES DE CONSTRUCCION Y SERVICIOS SA RIGHTS,ES06670509T7,MAD,,60,"0,0000",EUR,"0,00",EUR,"0,00",,"0,00",,"0,00",
10-06-2026,13:33,"MERLIN PROPERTIES SOCIMI, S.A.",ES0105025003,MAD,MESI,68,"14,6400",EUR,"-995,52",EUR,"-995,52",,"0,00","-2,00","-997,52",4f900419-b626-432f-a7b7-8edd4efeddb6
03-06-2026,00:00,VISCOFAN SA RIGHTS - NON TRADEABLE,ES0684262951,DEG,,20,"0,0000",EUR,"0,00",EUR,"0,00",,"0,00",,"0,00",
03-06-2026,00:00,VISCOFAN SA RIGHTS,ES0684262951,MAD,,-20,"0,0000",EUR,"0,00",EUR,"0,00",,"0,00",,"0,00",
03-06-2026,00:00,VISCOFAN SA RIGHTS,ES0684262951,MAD,,20,"0,0000",EUR,"0,00",EUR,"0,00",,"0,00",,"0,00",
07-05-2026,19:49,ZOETIS INC CLASS A ORD SHS,US98978V1035,NSY,CDED,13,"88,7600",USD,"-1153,88",USD,"-982,45","1,1745","-2,46","-2,00","-986,91",1866f4d8-f2e2-465d-9ea7-c8391f71ef01
29-04-2026,15:30,STARBUCKS CORP,US8552441094,NDQ,XNAS,-13,"102,0000",USD,"1326,00",USD,"1134,21","1,1691","-2,84","-2,00","1129,38",b562c80c-2660-4d1a-a13d-5e10f83afad5
06-04-2026,21:06,KRAFT HEINZ CO,US5007541064,NDQ,CDED,-118,"23,5650",USD,"2780,67",USD,"2408,56","1,1545","-6,02","-2,00","2400,54",a2979992-1d83-4ecd-9ecb-2951631a8923
05-02-2026,08:16,ACS ACTIVIDADES DE CONSTRUCCION Y SERVICIOS SA - NON TRADEABLE,ES06670509S9,DEG,,-60,"0,0000",EUR,"0,00",EUR,"0,00",,"0,00",,"0,00",
03-02-2026,18:01,"T. ROWE PRICE GROUP, INC.",US74144T1088,NDQ,XNAS,-22,"104,5000",USD,"2299,00",USD,"1944,69","1,1822","-4,86","-2,00","1937,83",604bcb6d-32aa-43e6-a8c3-384dad885708
21-01-2026,00:00,ACS ACTIVIDADES DE CONSTRUCCION Y SERVICIOS SA - NON TRADEABLE,ES06670509S9,DEG,,60,"0,0000",EUR,"0,00",EUR,"0,00",,"0,00",,"0,00",
21-01-2026,00:00,ACS ACTIVIDADES DE CONSTRUCCION Y SERVICIOS SA,ES06670509S9,MAD,,-60,"0,0000",EUR,"0,00",EUR,"0,00",,"0,00",,"0,00",
21-01-2026,00:00,ACS ACTIVIDADES DE CONSTRUCCION Y SERVICIOS SA,ES06670509S9,MAD,,60,"0,0000",EUR,"0,00",EUR,"0,00",,"0,00",,"0,00",
14-01-2026,15:30,COMCAST CORPORATION CLASS A,US20030N1019,NDQ,XNAS,44,"28,0700",USD,"-1235,08",USD,"-1059,62","1,1656","-2,65","-2,00","-1064,26",4ac8f9e1-4f99-4242-9e27-c62d64e6ecf4
14-01-2026,09:00,UNILEVER PLC,GB00BVZK7T90,EAM,XAMS,19,"55,3000",EUR,"-1050,70",EUR,"-1050,70",,"0,00","-4,90","-1055,60",9076d6cd-a482-4b4c-8bd1-d969975ac9d4
30-12-2025,19:55,"ALEXANDRIA REAL ESTATE EQUITIES, INC",US0152711091,NSY,SOHO,-23,"49,3316",USD,"1134,63",USD,"965,56","1,1751","-2,41","-2,00","961,15",43abd0df-5bc0-4a30-853a-258f3b14ee99
17-12-2025,15:30,ADR ON NOVO NORDISK A/S,US6701002056,NSY,XNYS,23,"48,1500",USD,"-1107,45",USD,"-944,12","1,1730","-2,36","-2,00","-948,48",4adcf080-7008-4fa8-ae63-95e7654bedea
17-12-2025,15:30,MONDELEZ INTERNATIONAL INC CLASS A,US6092071058,NDQ,XNAS,21,"54,2000",USD,"-1138,20",USD,"-970,42","1,1729","-2,43","-2,00","-974,85",738a4462-f12a-46c0-a8a4-badfe2a3930f
17-12-2025,07:54,VISCOFAN SA-RTS - NON TRADEABLE,ES0684262944,DEG,,-20,"0,0000",EUR,"0,00",EUR,"0,00",,"0,00",,"0,00",
09-12-2025,09:33,G.CATALANA O - TD,ES0116920333,MAD,,-33,"49,7500",EUR,"1641,75",EUR,"1641,75",,"0,00",,"1641,75",
21-11-2025,00:00,"VIDRALA, S.A.",ES0183746314,MAD,,0,"0,0000",EUR,"0,00",EUR,"0,00",,"0,00",,"0,00",
21-11-2025,00:00,VIDRALA SA,ES06837469D8,MAD,,-14,"0,0000",EUR,"0,00",EUR,"0,00",,"0,00",,"0,00",
20-11-2025,00:00,VISCOFAN SA-RTS - NON TRADEABLE,ES0684262944,DEG,,20,"0,0000",EUR,"0,00",EUR,"0,00",,"0,00",,"0,00",
20-11-2025,00:00,VISCOFAN SA-RTS,ES0684262944,MAD,,-20,"0,0000",EUR,"0,00",EUR,"0,00",,"0,00",,"0,00",
20-11-2025,00:00,VISCOFAN SA-RTS,ES0684262944,MAD,,20,"0,0000",EUR,"0,00",EUR,"0,00",,"0,00",,"0,00",
17-11-2025,16:35,ZOETIS INC CLASS A ORD SHS,US98978V1035,NSY,JNST,12,"119,8200",USD,"-1437,84",USD,"-1240,81","1,1588","-3,10","-2,00","-1245,91",c1570b7b-3c65-40b5-848c-1342414e94c9
17-11-2025,16:11,G.CATALANA O - TD,ES0116920333,MAD,,33,"49,6000",EUR,"-1636,80",EUR,"-1636,80",,"0,00",,"-1636,80",2430738d-aa02-447f-b560-21e389554a55
17-11-2025,16:11,GRUPO CATALANA OCCIDENTE SA,ES0116920333,MAD,,-33,"49,6000",EUR,"1636,80",EUR,"1636,80",,"0,00",,"1636,80",2430738d-aa02-447f-b560-21e389554a55
30-10-2025,14:48,VIDRALA SA,ES06837469D8,MAD,,14,"0,0000",EUR,"0,00",EUR,"0,00",,"0,00",,"0,00",
30-10-2025,14:48,VIDRALA - NON TRADEABLE,ES06837469D8,DEG,,-14,"0,0000",EUR,"0,00",EUR,"0,00",,"0,00",,"0,00",
30-10-2025,14:30,ADR ON NOVO NORDISK A/S,US6701002056,NSY,XNYS,21,"49,6100",USD,"-1041,81",USD,"-900,52","1,1569","-2,25",,"-902,78",63c8ad7e-e352-42c8-af79-60b180e99f34
30-10-2025,14:30,ADR ON NOVO NORDISK A/S,US6701002056,NSY,XNYS,1,"49,6100",USD,"-49,61",USD,"-42,88","1,1569","-0,11","-2,00","-44,99",63c8ad7e-e352-42c8-af79-60b180e99f34
30-10-2025,14:30,KRAFT HEINZ CO,US5007541064,NDQ,XNAS,47,"24,3000",USD,"-1142,10",USD,"-987,21","1,1569","-2,47","-2,00","-991,68",f4200ebf-9871-4b87-89cb-c09a88392e4b
30-10-2025,00:00,VIDRALA - NON TRADEABLE,ES06837469D8,DEG,,14,"0,0000",EUR,"0,00",EUR,"0,00",,"0,00",,"0,00",
29-10-2025,15:08,TELEFONICA SA,ES0178430E18,MAD,MESI,-246,"4,5100",EUR,"1109,46",EUR,"1109,46",,"0,00","-2,00","1107,46",b587cfc8-06db-4d40-bdbf-534e9e1bee51
15-10-2025,09:00,VISCOFAN SA,ES0184262212,MAD,XMAD,11,"51,4000",EUR,"-565,40",EUR,"-565,40",,"0,00","-2,00","-567,40",867af894-b3f8-4b8c-89b9-0159200a940d
06-10-2025,15:32,PFIZER INC.,US7170811035,NSY,XNYS,-15,"27,2000",USD,"408,00",USD,"349,17","1,1685","-0,87","-2,00","346,29",ebfa646c-1021-4846-bd41-e80693b41dfb
06-10-2025,15:31,AT&T INC,US00206R1023,NSY,XNYS,-36,"26,5000",USD,"954,00",USD,"816,30","1,1687","-2,04","-2,00","812,26",b6a64c64-42c7-4ca1-bd1b-41c1edfd0c75
04-09-2025,09:00,PETS AT HOME GROUP PLC,GB00BJ62K685,LSE,XLON,386,"226,0000",GBX,"-87236,00",GBX,"-1005,95","86,7197","-2,51","-4,90","-1013,37",b3f3a436-9913-468a-9e6f-599782fffdcd
21-08-2025,15:30,ADR ON NOVO NORDISK A/S,US6701002056,NSY,XNYS,12,"54,7500",USD,"-657,00",USD,"-564,15","1,1646","-1,41","-2,00","-567,56",91e3583c-91c2-4be1-8d49-263df84a4b2f
24-07-2025,08:29,ACS CONST. - NON TRADEABLE,ES0167050287,DEG,,-1,"0,0000",EUR,"0,00",EUR,"0,00",,"0,00",,"0,00",
24-07-2025,08:29,ACS ACTIVIDADES DE CONSTRUCCION Y SERVICIOS SA,ES0167050915,MAD,,1,"0,0000",EUR,"0,00",EUR,"0,00",,"0,00",,"0,00",
23-07-2025,16:42,BRISTOL-MYERS SQUIBB COMPANY,US1101221083,NSY,CDED,10,"48,8700",USD,"-488,70",USD,"-416,52","1,1733","-1,04","-2,00","-419,56",f1998f9e-3471-425a-b58d-c9b44204c4b5
22-07-2025,00:00,ACS CONST. - NON TRADEABLE,ES0167050287,DEG,,1,"0,0000",EUR,"0,00",EUR,"0,00",,"0,00",,"0,00",
22-07-2025,00:00,ACS ACTIVIDADES DE CONST-RTS,ES06670509R1,MAD,,-35,"0,0000",EUR,"0,00",EUR,"0,00",,"0,00",,"0,00",
16-07-2025,10:31,ACS ACTIVIDADES DE CONST-RTS - NON TRADEABLE,ES06670509R1,DEG,,-24,"0,0000",EUR,"0,00",EUR,"0,00",,"0,00",,"0,00",
09-07-2025,15:30,MOLSON COORS BEVERAGE CO CLASS B,US60871R2094,NSY,XNYS,12,"49,3600",USD,"-592,32",USD,"-505,65","1,1714","-1,26","-2,00","-508,92",be7f350b-70aa-489d-b5bd-cca3826028b1
01-07-2025,00:00,ACS ACTIVIDADES DE CONST-RTS - NON TRADEABLE,ES06670509R1,DEG,,24,"0,0000",EUR,"0,00",EUR,"0,00",,"0,00",,"0,00",
01-07-2025,00:00,ACS ACTIVIDADES DE CONST-RTS,ES06670509R1,MAD,,-24,"0,0000",EUR,"0,00",EUR,"0,00",,"0,00",,"0,00",
01-07-2025,00:00,ACS ACTIVIDADES DE CONST-RTS,ES06670509R1,MAD,,59,"0,0000",EUR,"0,00",EUR,"0,00",,"0,00",,"0,00",
11-06-2025,09:42,VISCOFAN SA-RTS - NON TRADEABLE,ES0684262936,DEG,,-9,"0,0000",EUR,"0,00",EUR,"0,00",,"0,00",,"0,00",
30-05-2025,16:31,"ALEXANDRIA REAL ESTATE EQUITIES, INC",US0152711091,NSY,CDED,8,"70,9700",USD,"-567,76",USD,"-501,03","1,1332","-1,25","-2,00","-504,28",3dd5967c-04fb-4dcd-a486-141eac5dd5f4
15-05-2025,00:00,VISCOFAN SA-RTS - NON TRADEABLE,ES0684262936,DEG,,9,"0,0000",EUR,"0,00",EUR,"0,00",,"0,00",,"0,00",
15-05-2025,00:00,VISCOFAN SA-RTS,ES0684262936,MAD,,-9,"0,0000",EUR,"0,00",EUR,"0,00",,"0,00",,"0,00",
15-05-2025,00:00,VISCOFAN SA-RTS,ES0684262936,MAD,,9,"0,0000",EUR,"0,00",EUR,"0,00",,"0,00",,"0,00",
30-04-2025,16:18,"REPSOL, S.A.",ES0173516115,MAD,MESI,46,"10,6850",EUR,"-491,51",EUR,"-491,51",,"0,00","-2,00","-493,51",e9e4520e-2daf-472b-a572-6ed59ba39942
16-04-2025,15:30,"ALEXANDRIA REAL ESTATE EQUITIES, INC",US0152711091,NSY,XNYS,4,"78,9900",USD,"-315,96",USD,"-277,94","1,1368","-0,69","-2,00","-280,63",b65898d3-e566-40ca-a481-f7f6f3cafcdf
02-04-2025,17:24,"ALEXANDRIA REAL ESTATE EQUITIES, INC",US0152711091,NSY,CDED,11,"91,7200",USD,"-1008,92",USD,"-929,37","1,0856","-2,32","-2,00","-933,70",ecfc6f16-fcd9-4d95-bdfc-e91cd793c37c
19-03-2025,16:58,"T. ROWE PRICE GROUP, INC.",US74144T1088,NDQ,CDED,12,"94,5000",USD,"-1134,00",USD,"-1042,57","1,0877","-2,61","-2,00","-1047,18",1f827405-0cb5-4bf8-97ae-91a2afb53ce8
19-02-2025,19:39,W.P. CAREY INC,US92936U1097,NSY,CDED,16,"60,3200",USD,"-965,12",USD,"-926,31","1,0419","-2,32","-2,00","-930,63",8a2db2a6-3b7d-4130-8cb9-018d80a72605
18-02-2025,15:44,"SKYWORKS SOLUTIONS, INC.",US83088M1027,NDQ,XNAS,11,"66,0000",USD,"-726,00",USD,"-694,81","1,0449","-1,74","-2,00","-698,54",23b9340a-098b-4dbc-bf3d-5cbf50501a76
18-02-2025,09:00,LINEA DIRECTA,ES0105546008,MAD,XMAD,-510,"1,1700",EUR,"596,70",EUR,"596,70",,"0,00","-2,00","594,70",86d94d09-97ba-451c-b16b-68d8c8ab1ffc
06-02-2025,07:21,ACS ACTIVIDADES DE CONST-RTS - NON TRADEABLE,ES06670509Q3,DEG,,-59,"0,0000",EUR,"0,00",EUR,"0,00",,"0,00",,"0,00",
21-01-2025,00:00,ACS ACTIVIDADES DE CONST-RTS - NON TRADEABLE,ES06670509Q3,DEG,,59,"0,0000",EUR,"0,00",EUR,"0,00",,"0,00",,"0,00",
21-01-2025,00:00,ACS ACTIVIDADES DE CONST-RTS,ES06670509Q3,MAD,,-59,"0,0000",EUR,"0,00",EUR,"0,00",,"0,00",,"0,00",
21-01-2025,00:00,ACS ACTIVIDADES DE CONST-RTS,ES06670509Q3,MAD,,59,"0,0000",EUR,"0,00",EUR,"0,00",,"0,00",,"0,00",
06-01-2025,20:38,MONDELEZ INTERNATIONAL INC CLASS A,US6092071058,NDQ,CDED,16,"58,4500",USD,"-935,20",USD,"-900,02","1,0391","-2,25","-2,00","-904,27",986cb110-3ac3-45be-b3c0-20b500d8b76c
24-12-2024,15:30,JOHNSON & JOHNSON,US4781601046,NSY,XNYS,5,"145,0000",USD,"-725,00",USD,"-696,65","1,0407","-1,74","-2,00","-700,39",7c665965-9948-454b-a652-c15571a4ac2e
19-12-2024,08:40,VISCOFAN SA - RTS - NON TRADEABLE,ES0684262928,DEG,,-9,"0,0000",EUR,"0,00",EUR,"0,00",,"0,00",,"0,00",
10-12-2024,00:00,VIDRALA SA - RTS - NON TRADEABLE,ES0183746108,DEG,,0,"0,0000",EUR,"0,00",EUR,"0,00",,"0,00",,"0,00",
10-12-2024,00:00,VIDRALA SA - RTS,ES06837469C0,MAD,,-14,"0,0000",EUR,"0,00",EUR,"0,00",,"0,00",,"0,00",
22-11-2024,00:00,VISCOFAN SA - RTS - NON TRADEABLE,ES0684262928,DEG,,9,"0,0000",EUR,"0,00",EUR,"0,00",,"0,00",,"0,00",
22-11-2024,00:00,VISCOFAN SA - RTS,ES0684262928,MAD,,-9,"0,0000",EUR,"0,00",EUR,"0,00",,"0,00",,"0,00",
22-11-2024,00:00,VISCOFAN SA - RTS,ES0684262928,MAD,,9,"0,0000",EUR,"0,00",EUR,"0,00",,"0,00",,"0,00",
12-11-2024,00:00,VIDRALA SA - RTS,ES06837469C0,MAD,,14,"0,0000",EUR,"0,00",EUR,"0,00",,"0,00",,"0,00",
11-11-2024,21:45,LYONDELLBASELL INDUSTRIES N.V CLASS A,NL0009434992,NSY,CDED,8,"84,7650",USD,"-678,12",USD,"-636,62","1,0652","-1,59","-2,00","-640,21",eef1db0c-ece1-4f60-a123-cd13f9f97a18
11-11-2024,21:44,"SKYWORKS SOLUTIONS, INC.",US83088M1027,NDQ,CDED,9,"87,5600",USD,"-788,04",USD,"-739,81","1,0652","-1,85","-2,00","-743,66",2ee22e74-d07c-4720-8533-7d394d577b77
11-11-2024,21:30,INTEL CORP,US4581401001,NDQ,JNST,-35,"25,1050",USD,"878,68",USD,"824,74","1,0654","-2,06","-2,00","820,68",cac2628e-d635-4237-bff5-b5f4168ec923
29-10-2024,14:30,LYONDELLBASELL INDUSTRIES N.V CLASS A,NL0009434992,NSY,XNYS,3,"87,3500",USD,"-262,05",USD,"-243,11","1,0779","-0,61","-2,00","-245,72",8a174f05-c790-499f-8234-dd564f080fa0
16-10-2024,15:30,MOLSON COORS BEVERAGE CO CLASS B,US60871R2094,NSY,XNYS,10,"54,5000",USD,"-545,00",USD,"-500,37","1,0892","-1,25","-2,00","-503,62",93deb978-d4f3-4129-8d0f-3ecc141a8956
01-10-2024,15:30,"T. ROWE PRICE GROUP, INC.",US74144T1088,NDQ,XNAS,5,"108,2700",USD,"-541,35",USD,"-488,72","1,1077","-1,22","-2,00","-491,94",12166f08-e19a-467f-a54f-9071b6b92d61
20-08-2024,15:30,LYONDELLBASELL INDUSTRIES N.V CLASS A,NL0009434992,NSY,XNYS,7,"96,6200",USD,"-676,34",USD,"-609,37","1,1099","-1,52","-2,00","-612,90",d2345120-0b77-41f6-84d4-2323cebfd39d
07-08-2024,09:00,"REPSOL, S.A.",ES0173516115,MAD,XMAD,65,"12,5000",EUR,"-812,50",EUR,"-812,50",,"0,00","-2,00","-814,50",61b9ae9d-657f-4d66-b981-58f25cf10a27
25-07-2024,08:07,ACS CONST. - NON TRADEABLE,ES0167050261,DEG,,-2,"0,0000",EUR,"0,00",EUR,"0,00",,"0,00",,"0,00",
25-07-2024,08:07,ACS ACTIVIDADES DE CONSTRUCCION Y SERVICIOS SA,ES0167050915,MAD,,2,"0,0000",EUR,"0,00",EUR,"0,00",,"0,00",,"0,00",
23-07-2024,00:00,ACS CONST. - NON TRADEABLE,ES0167050261,DEG,,2,"0,0000",EUR,"0,00",EUR,"0,00",,"0,00",,"0,00",
23-07-2024,00:00,ACS ACTIVIDADES DE CO-RIGHTS,ES06670509P5,MAD,,-50,"0,0000",EUR,"0,00",EUR,"0,00",,"0,00",,"0,00",
17-07-2024,07:52,ACS ACTIVIDADES DE CO-RIGHTS - NON TRADEABLE,ES06670509P5,DEG,,-7,"0,0000",EUR,"0,00",EUR,"0,00",,"0,00",,"0,00",
04-07-2024,00:00,ACS ACTIVIDADES DE CO-RIGHTS,ES06670509P5,MAD,,-7,"0,0000",EUR,"0,00",EUR,"0,00",,"0,00",,"0,00",
04-07-2024,00:00,ACS ACTIVIDADES DE CO-RIGHTS - NON TRADEABLE,ES06670509P5,DEG,,7,"0,0000",EUR,"0,00",EUR,"0,00",,"0,00",,"0,00",
02-07-2024,00:00,ACS ACTIVIDADES DE CO-RIGHTS,ES06670509P5,MAD,,57,"0,0000",EUR,"0,00",EUR,"0,00",,"0,00",,"0,00",
26-06-2024,15:30,STARBUCKS CORP,US8552441094,NDQ,XNAS,13,"79,0000",USD,"-1027,00",USD,"-962,52","1,0670","-2,41","-2,00","-966,92",499314fd-b499-4a29-b178-25d4ea552f62
24-06-2024,08:09,VISCOFAN SA - RTS - NON TRADEABLE,ES0684262910,DEG,,-9,"0,0000",EUR,"0,00",EUR,"0,00",,"0,00",,"0,00",
10-06-2024,17:57,KRAFT HEINZ CO,US5007541064,NDQ,CDED,23,"33,4700",USD,"-769,81",USD,"-716,17","1,0749","-1,79","-2,00","-719,96",abc7293c-1733-495f-8b21-78fb77b08758
28-05-2024,00:00,VISCOFAN SA - RTS,ES0684262910,MAD,,-9,"0,0000",EUR,"0,00",EUR,"0,00",,"0,00",,"0,00",
28-05-2024,00:00,VISCOFAN SA - RTS - NON TRADEABLE,ES0684262910,DEG,,9,"0,0000",EUR,"0,00",EUR,"0,00",,"0,00",,"0,00",
28-05-2024,00:00,VISCOFAN SA - RTS,ES0684262910,MAD,,9,"0,0000",EUR,"0,00",EUR,"0,00",,"0,00",,"0,00",
15-05-2024,15:30,CVS HEALTH CORPORATION,US1266501006,NSY,XNYS,15,"56,2100",USD,"-843,15",USD,"-776,67","1,0856","-1,94","-2,00","-780,61",69e0dc92-1362-477a-a535-9aa3cafeb075
29-04-2024,21:22,JOHNSON & JOHNSON,US4781601046,NSY,CDED,5,"146,3650",USD,"-731,82",USD,"-682,74","1,0719","-1,71","-2,00","-686,45",04cc7e20-fc40-4a98-931a-8aa9fb0139cc
16-04-2024,15:30,SOLVENTUM CORPORATION,US83444M1018,NSY,XNYS,-3,"62,0000",USD,"186,00",USD,"174,93","1,0633","-0,44","-2,00","172,49",616fcdc2-7465-48a4-92df-ec478d50541e
03-04-2024,09:00,MONDI PLC,GB00BMWC6P49,LSE,XLON,46,"1376,5000",GBX,"-63319,00",GBX,"-739,36","85,6399","-1,85","-4,90","-746,11",e77dc536-db0a-4bf6-9358-8fe569bd1b68
01-04-2024,00:00,SOLVENTUM CORPORATION,US83444M1018,NSY,,3,"0,0000",USD,"0,00",USD,"0,00","1,0866","0,00",,"0,00",
19-03-2024,14:30,KRAFT HEINZ CO,US5007541064,NDQ,XNAS,22,"34,8500",USD,"-766,70",USD,"-706,45","1,0853","-1,77","-2,00","-710,21",b320e597-6add-41bd-b4e3-54c0e9ffd11a
22-02-2024,12:56,COLONIAL SFL SOCIMI SA,ES0139140174,MAD,MESI,125,"5,1800",EUR,"-647,50",EUR,"-647,50",,"0,00","-2,00","-649,50",a6137cef-26a5-4680-9a50-dd3923b45fa3
06-02-2024,09:15,ACS ACTIVIDADES DE CONS-RTS - NON TRADEABLE,ES06670509O8,DEG,,-57,"0,0000",EUR,"0,00",EUR,"0,00",,"0,00",,"0,00",
02-02-2024,15:30,KRAFT HEINZ CO,US5007541064,NDQ,XNAS,26,"37,7500",USD,"-981,50",USD,"-908,80","1,0800","-2,27","-2,00","-913,07",eeb4f1ef-a659-414e-bc95-a18f8ea0f0c1
23-01-2024,00:00,ACS ACTIVIDADES DE CONS-RTS - NON TRADEABLE,ES06670509O8,DEG,,57,"0,0000",EUR,"0,00",EUR,"0,00",,"0,00",,"0,00",
23-01-2024,00:00,ACS ACTIVIDADES DE CONS-RTS,ES06670509O8,MAD,,-57,"0,0000",EUR,"0,00",EUR,"0,00",,"0,00",,"0,00",
19-01-2024,00:00,ACS ACTIVIDADES DE CONS-RTS,ES06670509O8,MAD,,57,"0,0000",EUR,"0,00",EUR,"0,00",,"0,00",,"0,00",
28-12-2023,11:49,VISCOFAN SA,ES0184262212,MAD,MESI,9,"54,5000",EUR,"-490,50",EUR,"-490,50",,"0,00","-2,00","-492,50",8af53dd5-a141-4e95-b314-45ab7b9f4d1b
19-12-2023,16:00,BRITISH AMERICAN TOBACCO P.L.C,GB0002875804,LSE,MESI,18,"2322,0000",GBX,"-41796,00",GBX,"-485,10","86,1594","-1,21","-4,90","-491,21",7c4cbd1b-055c-4d5b-9496-2b78c50b5e58
03-11-2023,00:00,VIDRALA SA-RTS,ES06837469B2,MAD,,-14,"0,0000",EUR,"0,00",EUR,"0,00",,"0,00",,"0,00",
19-10-2023,09:21,VIDRALA SA-RTS,ES06837469B2,MAD,,14,"0,0000",EUR,"0,00",EUR,"0,00",,"0,00",,"0,00",
19-10-2023,09:21,VIDRALA - NON TRADEABLE,ES06837469B2,DEG,,-14,"0,0000",EUR,"0,00",EUR,"0,00",,"0,00",,"0,00",
19-10-2023,00:00,VIDRALA - NON TRADEABLE,ES06837469B2,DEG,,14,"0,0000",EUR,"0,00",EUR,"0,00",,"0,00",,"0,00",
08-08-2023,15:30,REALTY INCOME CORPORATION,US7561091049,NSY,XNYS,18,"59,6300",USD,"-1073,34",USD,"-980,40","1,0948","-2,45","-2,00","-984,86",4ef7bd02-be0b-461a-acf3-8ef247fcb1d6
26-07-2023,00:00,ACS ACTIVIDADES DE CO-RIGHTS,ES06670509N0,MAD,,-60,"0,0000",EUR,"0,00",EUR,"0,00",,"0,00",,"0,00",
26-07-2023,00:00,ACS ACTIVIDADES DE CONSTRUCCION Y SERVICIOS SA,ES0167050915,MAD,,3,"0,0000",EUR,"0,00",EUR,"0,00",,"0,00",,"0,00",
25-07-2023,15:30,"T. ROWE PRICE GROUP, INC.",US74144T1088,NDQ,XNAS,5,"120,5400",USD,"-602,70",USD,"-546,57","1,1027","-1,37","-2,00","-549,94",b7bb45a5-4bb0-4544-8711-3302c3ee34a5
25-07-2023,09:01,KLEPIERRE SA,FR0000121964,TDG,XGAT,-36,"24,0200",EUR,"864,72",EUR,"864,72",,"0,00","-3,90","860,82",0dca7b06-379c-445a-a9bc-3317e4c9af55
11-07-2023,15:30,AT&T INC,US00206R1023,NSY,XNYS,36,"15,2800",USD,"-550,08",USD,"-500,44","1,0992","-1,25","-2,00","-503,69",653fce4a-52ba-4c79-84eb-250e818a6952
10-07-2023,09:00,ACS ACTIVIDADES DE CO-RIGHTS,ES06670509N0,MAD,XMAD,3,"1,4600",EUR,"-4,38",EUR,"-4,38",,"0,00",,"-4,38",b444febb-3c2b-4906-ae8f-d83979b2ee2e
10-07-2023,09:00,ACS ACTIVIDADES DE CO-RIGHTS,ES06670509N0,MAD,XMAD,3,"1,4600",EUR,"-4,38",EUR,"-4,38",,"0,00",,"-4,38",b444febb-3c2b-4906-ae8f-d83979b2ee2e
07-07-2023,00:00,ACS CONST. - NON TRADEABLE - NON TRADEABLE,ES06670509N0,DEG,,0,"0,0000",EUR,"0,00",EUR,"0,00",,"0,00",,"0,00",
07-07-2023,00:00,ACS ACTIVIDADES DE CO-RIGHTS,ES06670509N0,MAD,,0,"0,0000",EUR,"0,00",EUR,"0,00",,"0,00",,"0,00",
04-07-2023,12:06,ACS ACTIVIDADES DE CO-RIGHTS,ES06670509N0,MAD,,54,"0,0000",EUR,"0,00",EUR,"0,00",,"0,00",,"0,00",
04-07-2023,12:06,ACS CONST. - NON TRADEABLE,ES06670509N0,DEG,,-54,"0,0000",EUR,"0,00",EUR,"0,00",,"0,00",,"0,00",
04-07-2023,00:00,ACS CONST. - NON TRADEABLE,ES06670509N0,DEG,,54,"0,0000",EUR,"0,00",EUR,"0,00",,"0,00",,"0,00",
27-06-2023,15:30,PFIZER INC.,US7170811035,NSY,XNYS,15,"36,9900",USD,"-554,85",USD,"-505,75","1,0971","-1,26","-2,00","-509,01",7de28702-91af-4213-9bb8-a397d55d8a87
30-05-2023,09:00,"MERLIN PROPERTIES SOCIMI, S.A.",ES0105025003,MAD,XMAD,80,"7,6750",EUR,"-614,00",EUR,"-614,00",,"0,00","-2,00","-616,00",c465f6a7-9ad5-47e4-ae86-69b95a0837e5
04-05-2023,09:00,GRUPO CATALANA OCCIDENTE SA,ES0116920333,MAD,XMAD,33,"29,4000",EUR,"-970,20",EUR,"-970,20",,"0,00","-1,00","-971,20",f11eb5ea-21f3-4dc6-b50f-4cf9f0e4efcd
03-04-2023,16:41,LINEA DIRECTA,ES0105546008,MAD,MESI,510,"0,9860",EUR,"-502,86",EUR,"-502,86",,"0,00","-1,00","-503,86",4d136bc1-864a-4e8e-84a4-d57718caf655
20-03-2023,16:57,SIMON PROPERTY GROUP INC,US8288061091,TDG,XGAT,5,"100,0000",EUR,"-500,00",EUR,"-500,00",,"0,00","-3,90","-503,90",1522c601-15d0-4103-94cf-1e73a693e73a
07-03-2023,15:30,3M COMPANY,US88579Y1010,NSY,XNYS,5,"110,0000",USD,"-550,00",USD,"-516,44","1,0650","-1,29","-1,00","-518,73",e27d3ab2-0495-49ce-af33-ed67747da60a
23-02-2023,00:00,KLEPIERRE SA,FR0000121964,TDG,,36,"22,5000",EUR,"-810,00",EUR,"-810,00",,"0,00",,"-810,00",
23-02-2023,00:00,"KLEPIERRE S.A.INH.EO 1,40",FR0000121964,FRA,,-36,"22,5000",EUR,"810,00",EUR,"810,00",,"0,00",,"810,00",
07-02-2023,07:39,ACS DERECHOS (RIGHTS) - NON TRADEABLE,ES06670509M2,DEG,,-54,"0,0000",EUR,"0,00",EUR,"0,00",,"0,00",,"0,00",
06-02-2023,09:00,REDEIA CORPORACION SA,ES0173093024,MAD,XMAD,30,"16,2100",EUR,"-486,30",EUR,"-486,30",,"0,00","-1,00","-487,30",8cc28919-ff8d-478e-8f0d-07e18d579950
24-01-2023,20:40,INTEL CORP,US4581401001,NDQ,CDED,18,"29,8900",USD,"-538,02",USD,"-494,60","1,0878","-1,24","-1,00","-496,83",c53353f6-073d-4f36-9ee1-97bbd5a27536
24-01-2023,00:00,ACS DERECHOS (RIGHTS) - NON TRADEABLE,ES06670509M2,DEG,,54,"0,0000",EUR,"0,00",EUR,"0,00",,"0,00",,"0,00",
24-01-2023,00:00,ACS DERECHOS (RIGHTS),ES06670509M2,MAD,,-54,"0,0000",EUR,"0,00",EUR,"0,00",,"0,00",,"0,00",
20-01-2023,00:00,ACS DERECHOS (RIGHTS),ES06670509M2,MAD,,54,"0,0000",EUR,"0,00",EUR,"0,00",,"0,00",,"0,00",
10-01-2023,09:00,ENAGAS SA,ES0130960018,MAD,XMAD,38,"16,1400",EUR,"-613,32",EUR,"-613,32",,"0,00","-1,00","-614,32",d69c6f1d-8b46-44e9-b1b2-7db760f74ed8
06-12-2022,09:00,VIDRALA SA-RIGHT,ES06837469A4,MAD,XMAD,-14,"3,8700",EUR,"54,18",EUR,"54,18",,"0,00","-1,00","53,18",6e52a6fe-f79d-4128-8180-f249c2531a2c
06-12-2022,08:00,"KLEPIERRE S.A.INH.EO 1,40",FR0000121964,FRA,FRAB,36,"22,5000",EUR,"-810,00",EUR,"-810,00",,"0,00","-4,90","-814,90",286da097-1875-4d9f-8265-d3061d6233be
02-12-2022,00:00,VIDRALA SA-RIGHT,ES06837469A4,MAD,,14,"0,0000",EUR,"0,00",EUR,"0,00",,"0,00",,"0,00",
23-08-2022,09:00,"BANCO DE SABADELL, S.A.",ES0113860A34,MAD,XMAD,135,"0,6434",EUR,"-86,86",EUR,"-86,86",,"0,00","-0,50","-87,36",7f24f912-4b88-4fea-901d-7ba219a8d919
28-07-2022,08:44,ACS CONST. - NON TRADEABLE,ES0167050220,DEG,,-3,"0,0000",EUR,"0,00",EUR,"0,00",,"0,00",,"0,00",
28-07-2022,08:44,ACS ACTIVIDADES DE CONSTRUCCION Y SERVICIOS SA,ES0167050915,MAD,,3,"0,0000",EUR,"0,00",EUR,"0,00",,"0,00",,"0,00",
26-07-2022,00:00,ACS CONST. - NON TRADEABLE,ES0167050220,DEG,,3,"0,0000",EUR,"0,00",EUR,"0,00",,"0,00",,"0,00",
26-07-2022,00:00,ACS ACTIVIDADES DE CONST-RTS,ES06670509L4,MAD,,-45,"0,0000",EUR,"0,00",EUR,"0,00",,"0,00",,"0,00",
20-07-2022,10:20,ACS ACTIVIDADES DE CONST-RTS - NON,ES06670509L4,DEG,,-6,"0,0000",EUR,"0,00",EUR,"0,00",,"0,00",,"0,00",
,,TRADEABLE,,,,,,,,,,,,,,
06-07-2022,00:00,ACS ACTIVIDADES DE CONST-RTS - NON TRADEABLE,ES06670509L4,DEG,,6,"0,0000",EUR,"0,00",EUR,"0,00",,"0,00",,"0,00",
06-07-2022,00:00,ACS ACTIVIDADES DE CONST-RTS,ES06670509L4,MAD,,-6,"0,0000",EUR,"0,00",EUR,"0,00",,"0,00",,"0,00",
01-07-2022,00:00,ACS ACTIVIDADES DE CONST-RTS,ES06670509L4,MAD,,51,"0,0000",EUR,"0,00",EUR,"0,00",,"0,00",,"0,00",
28-06-2022,09:00,ACS ACTIVIDADES DE CONSTRUCCION Y SERVICIOS SA,ES0167050915,MAD,XMAD,4,"23,6300",EUR,"-94,52",EUR,"-94,52",,"0,00","-0,50","-95,02",207ecdd3-7ad6-4336-9cb9-778d3be9741b
23-06-2022,00:00,TELEFONICA SA-RTS,ES06784309G2,MAD,,-217,"0,0000",EUR,"0,00",EUR,"0,00",,"0,00",,"0,00",
23-06-2022,00:00,TELEFONICA SA,ES0178430E18,MAD,,7,"0,0000",EUR,"0,00",EUR,"0,00",,"0,00",,"0,00",
20-06-2022,08:43,TELEFONICA SA-RTS - NON TRADEABLE,ES06784309G2,DEG,,-22,"0,0000",EUR,"0,00",EUR,"0,00",,"0,00",,"0,00",
14-06-2022,08:00,SIMON PROPERTY GROUP INC,US8288061091,TDG,XGAT,2,"94,4600",EUR,"-188,92",EUR,"-188,92",,"0,00","-3,90","-192,82",be11cb23-dde3-4fb6-a3bb-1b4e4bf06ff2
06-06-2022,00:00,TELEFONICA SA-RTS - NON TRADEABLE,ES06784309G2,DEG,,22,"0,0000",EUR,"0,00",EUR,"0,00",,"0,00",,"0,00",
06-06-2022,00:00,TELEFONICA SA-RTS,ES06784309G2,MAD,,-22,"0,0000",EUR,"0,00",EUR,"0,00",,"0,00",,"0,00",
01-06-2022,00:00,TELEFONICA SA-RTS,ES06784309G2,MAD,,239,"0,0000",EUR,"0,00",EUR,"0,00",,"0,00",,"0,00",
16-05-2022,16:03,3M COMPANY,US88579Y1010,NSY,CDED,7,"147,3600",USD,"-1031,52",USD,"-991,66","1,0402","-2,48","-0,50","-994,64",3a5a3a1c-4032-419d-8e58-0deaf1b212e2
04-05-2022,14:05,"BANCO DE SABADELL, S.A.",ES0113860A34,MAD,MESI,1369,"0,7252",EUR,"-992,80",EUR,"-992,80",,"0,00","-0,50","-993,30",0b3d9d09-d951-4730-94dc-d9be00a3e3aa
03-05-2022,15:30,VERIZON COMMUNICATIONS INC,US92343V1044,NSY,XNYS,17,"46,4300",USD,"-789,31",USD,"-747,46","1,0560","-1,87","-0,50","-749,83",4ae3777c-f5ad-4f17-9957-d6269d290c0d
03-05-2022,15:30,INTEL CORP,US4581401001,NDQ,XNAS,17,"44,7800",USD,"-761,26",USD,"-720,83","1,0561","-1,80","-0,50","-723,13",152ab2bd-13f6-4c72-b14e-d53b3506b9ca
19-04-2022,09:01,"VIDRALA, S.A.",ES0183746314,MAD,XMAD,7,"64,0000",EUR,"-448,00",EUR,"-448,00",,"0,00","-0,50","-448,50",0654c402-0c18-4288-8c82-4e03bef3a54a
22-03-2022,09:00,INDUSTRIA DE DISENO TEXTIL SA,ES0148396007,MAD,XMAD,47,"21,0200",EUR,"-987,94",EUR,"-987,94",,"0,00","-0,50","-988,44",fc5aa6c5-cc96-405e-a3ae-15c2ba333064
22-02-2022,09:00,INDUSTRIA DE DISENO TEXTIL SA,ES0148396007,MAD,XMAD,20,"24,6500",EUR,"-493,00",EUR,"-493,00",,"0,00","-0,50","-493,50",906fd29f-72d9-4541-ac71-d5fd732816a5
22-02-2022,09:00,"VIDRALA, S.A.",ES0183746314,MAD,XMAD,7,"70,3000",EUR,"-492,10",EUR,"-492,10",,"0,00","-0,50","-492,60",dc288bd7-b484-4af6-8c1a-a9c729cef123
14-02-2022,09:00,EBRO FOODS SA,ES0112501012,MAD,XMAD,40,"16,6400",EUR,"-665,60",EUR,"-665,60",,"0,00",,"-665,60",24654d73-fec9-4d8a-902e-63f7b5b97d53
14-02-2022,09:00,EBRO FOODS SA,ES0112501012,MAD,XMAD,19,"16,6400",EUR,"-316,16",EUR,"-316,16",,"0,00","-0,50","-316,66",24654d73-fec9-4d8a-902e-63f7b5b97d53
01-02-2022,09:55,ACS CONST. - NON TRADEABLE,ES06670509K6,DEG,,-47,"0,0000",EUR,"0,00",EUR,"0,00",,"0,00",,"0,00",
19-01-2022,00:00,ACS CONST. - NON TRADEABLE,ES06670509K6,DEG,,47,"0,0000",EUR,"0,00",EUR,"0,00",,"0,00",,"0,00",
19-01-2022,00:00,ACS ACTIVIDADES DE CONST-RTS,ES06670509K6,MAD,,-47,"0,0000",EUR,"0,00",EUR,"0,00",,"0,00",,"0,00",
14-01-2022,00:00,ACS ACTIVIDADES DE CONST-RTS,ES06670509K6,MAD,,47,"0,0000",EUR,"0,00",EUR,"0,00",,"0,00",,"0,00",
12-01-2022,09:22,TELEFONICA - NON TRADEABLE,ES0178430122,DEG,,-8,"0,0000",EUR,"0,00",EUR,"0,00",,"0,00",,"0,00",
12-01-2022,09:22,TELEFONICA SA,ES0178430E18,MAD,,8,"0,0000",EUR,"0,00",EUR,"0,00",,"0,00",,"0,00",
20-12-2021,10:40,TELEFONICA - NON TRADEABLE,ES06784309F4,DEG,,-23,"0,0000",EUR,"0,00",EUR,"0,00",,"0,00",,"0,00",
17-12-2021,00:00,TELEFONICA - NON TRADEABLE,ES0178430122,DEG,,8,"0,0000",EUR,"0,00",EUR,"0,00",,"0,00",,"0,00",
17-12-2021,00:00,TELEFONICA SA-RTS,ES06784309F4,MAD,,-208,"0,0000",EUR,"0,00",EUR,"0,00",,"0,00",,"0,00",
08-12-2021,00:00,TELEFONICA SA-RTS,ES06784309F4,MAD,,-23,"0,0000",EUR,"0,00",EUR,"0,00",,"0,00",,"0,00",
08-12-2021,00:00,TELEFONICA - NON TRADEABLE,ES06784309F4,DEG,,23,"0,0000",EUR,"0,00",EUR,"0,00",,"0,00",,"0,00",
02-12-2021,09:00,MAPFRE SA,ES0124244E34,MAD,XMAD,544,"1,8175",EUR,"-988,72",EUR,"-988,72",,"0,00",,"-988,72",b4395407-5f40-406a-b215-29631abf24ac
02-12-2021,09:00,ACS ACTIVIDADES DE CONSTRUCCION Y SERVICIOS SA,ES0167050915,MAD,XMAD,47,"21,2700",EUR,"-999,69",EUR,"-999,69",,"0,00",,"-999,69",48d10478-474d-4c57-8848-0cf08f63353a
01-12-2021,00:00,TELEFONICA SA-RTS,ES06784309F4,MAD,,231,"0,0000",EUR,"0,00",EUR,"0,00",,"0,00",,"0,00",
16-09-2021,09:00,ENDESA SA,ES0130670112,MAD,XMAD,53,"18,1000",EUR,"-959,30",EUR,"-959,30",,"0,00","-2,48","-961,78",d27130e1-ad81-4955-8fdc-aaefef743fed
19-08-2021,09:00,TELEFONICA SA,ES0178430E18,MAD,XMAD,231,"4,2500",EUR,"-981,75",EUR,"-981,75",,"0,00","-2,49","-984,24",ff9dcf5e-7108-49a8-97f1-54f18e39ef2d
